img_fn,max_gbvs,mean_gbvs
1007_Panda_plush_mask_0.png,255,127.378994
1007_card_mask_merged.png,174,64.014784
1007_green_paper_mask_0.png,172,99.318918
1007_tag_mask_0.png,117,76.557106
1010_bola_sign_mask_0.png,255,162.393715
1010_bola_sign_mask_1.png,168,89.767964
1010_bola_sign_mask_2.png,189,133.105263
1010_man_mask_0.png,104,85.333175
1012_bone_toy_mask_0.png,127,56.815349
1012_dog_toy_mask_merged.png,255,135.195078
1012_puppy_mask_0.png,162,83.039304
1012_rope_toy_mask_merged.png,180,88.594925
1017_cups_mask_0.png,80,72.467641
1017_cups_mask_1.png,121,101.766367
1017_girl_in_pink_mask_merged.png,255,90.011463
1017_plastic_bag_mask_0.png,102,74.844951
1017_stop_sign_mask_0.png,132,53.618544
1017_yellow_sign_mask_0.png,150,100.000652
1018_Black_jersey_mask_0.png,255,164.49688
1018_base_mask_0.png,12,7.243786
1018_baseball_glove_mask_0.png,183,126.80005
1018_red_jersey_mask_0.png,212,161.387657
1019_Black_and_white_cat_mask_merged.png,255,114.85623
1019_cushion_mask_0.png,209,104.757216
1019_gray_cat_mask_merged.png,255,195.180505
1020_Book_mask_0.png,190,132.791848
1020_girl_mask_0.png,230,127.014753
1020_stuffed_animal_mask_0.png,255,172.156241
1022_Woman_mask_0.png,156,73.224886
1022_arrow_sign_mask_merged.png,161,115.949737
1022_blue_car_mask_0.png,103,61.235818
1022_magazine_mask_0.png,103,76.62178
1022_yield_sign_mask_0.png,61,52.911663
1025_Boy_mask_0.png,8,3.615224
1025_Boy_mask_1.png,230,88.477382
1025_goat_mask_0.png,255,101.714941
1027_Helicopter_mask_0.png,255,140.297077
1027_person_mask_0.png,81,55.449493
1027_person_mask_1.png,57,23.990132
1027_person_mask_2.png,118,75.761013
1027_tracked_vehicle_mask_0.png,81,45.989994
1027_tracked_vehicle_mask_1.png,171,63.831802
1028_basketball_mask_0.png,196,81.456538
1028_player_in_red_mask_0.png,241,111.749003
1028_player_in_white_mask_0.png,216,87.515409
1033_Sailboat_mask_0.png,24,17.573112
1033_Sailboat_mask_1.png,28,24.406799
1033_person_mask_merged.png,255,201.86747
1037_Seagull_mask_0.png,255,180.190802
1037_Seagull_mask_1.png,214,123.078951
1037_bottle_mask_0.png,169,101.76203
1038_Sign_mask_0.png,155,81.836041
1038_dog_mask_0.png,255,91.641702
1038_dog_mask_1.png,131,55.681438
1038_gate_mask_0.png,198,51.045937
1039_Woman_in_yellow_mask_0.png,255,131.356235
1039_tennis_ball_mask_0.png,102,86.437086
1039_tennis_racket_mask_0.png,102,39.17026
1040_Tomatoes_mask_merged.png,214,162.365318
1040_bananas_mask_merged.png,246,124.544445
1040_vase_mask_0.png,255,128.343176
1046_boat_mask_merged.png,50,41.481811
1046_man_in_dark_shorts_mask_0.png,255,191.405518
1046_man_in_dark_shorts_mask_1.png,184,124.057685
1047_Woman_in_white_mask_0.png,141,89.252813
1047_backpack_mask_0.png,220,190.487611
1047_man_in_blue_mask_0.png,255,144.493231
1047_tripod_mask_merged.png,167,81.875396
1047_woman_in_black_mask_0.png,217,135.165932
1050_Girl_in_yellow_mask_0.png,191,71.581463
1050_boy_in_blue_mask_0.png,255,172.053914
1050_green_bucket_mask_0.png,163,129.199289
1050_yellow_bucket_mask_0.png,174,93.487615
1053_Man_in_white_mask_0.png,255,94.800824
1053_red_display_mask_0.png,196,109.315145
1053_wire_mask_0.png,61,32.454179
1053_woman_in_red_mask_0.png,129,38.97897
1055_Man_with_bat_mask_merged_1.png,255,174.582319
1055_bat_mask_0.png,202,91.451668
1055_man_mask_0.png,242,187.060279
1055_man_mask_1.png,255,177.59306
1058_Dog_mask_merged.png,104,33.938048
1058_child_mask_1.png,158,128.489362
1058_child_mask_merged_1.png,255,123.194607
1058_person_mask_merged_1.png,61,32.633987
1058_person_mask_merged_3.png,166,144.055844
1060_boy_in_red_mask_0.png,243,108.29627
1060_girl_in_pink_mask_0.png,249,89.861462
1060_soccer_ball_mask_0.png,197,114.992072
1061_bag_mask_merged.png,255,173.455734
1061_dog_mask_0.png,124,49.136844
1061_man_in_black_mask_0.png,166,37.695475
1061_paper_mask_merged.png,204,65.336149
1061_sign_mask_0.png,109,46.468043
1062_lifeguard_hut_mask_0.png,178,86.754866
1062_volleyball_mask_0.png,163,68.392032
1062_volleyball_net_mask_merged.png,255,57.385941
1063_flowers_mask_merged.png,244,96.988633
1063_photo_frame_mask_merged.png,134,68.860289
1063_photo_mask_0.png,133,79.34666
1064_boy_standing_mask_0.png,91,51.117146
1064_man_lying_mask_0.png,255,168.134551
1064_pole_mask_0.png,228,147.195373
1067_Plate_mask_0.png,255,143.310636
1067_drink_mask_merged.png,207,88.025912
1067_fork_mask_0.png,203,164.240063
1067_lemon_slice_mask_merged.png,207,101.004379
1067_pasta_mask_merged.png,166,114.439374
1069_Man_in_black_mask_0.png,219,98.782591
1069_dog_mask_0.png,255,181.147481
1069_tennis_ball_mask_0.png,7,5.634783
1070_Hand_mask_0.png,92,50.590826
1070_Hand_mask_1.png,178,167.905584
1070_cup_mask_0.png,207,150.74789
1070_robot_mask_0.png,203,134.595679
1074_Ball_mask_0.png,255,234.750311
1074_person_mask_0.png,157,79.651754
1074_pier_mask_0.png,77,18.611414
1079_Silver_SUV_mask_0.png,98,48.70108
1079_arrow_sign_mask_merged.png,130,80.252796
1079_black_pickup_truck_mask_0.png,75,60.584203
1079_speed_limit_sign_mask_0.png,136,96.753783
1079_street_sign_mask_merged_1.png,255,188.92926
1079_street_sign_mask_merged_2.png,136,76.475637
1080_Black_dog_mask_0.png,241,137.346355
1080_pheasant_mask_merged.png,255,149.448021
1080_shotgun_mask_0.png,251,112.945249
1085_Woman_in_black_mask_0.png,255,143.700701
1085_brown_dog_mask_0.png,167,138.058734
1085_white_dog_mask_0.png,189,121.976487
1088_boat_mask_4.png,37,17.281628
1088_boat_mask_merged_1.png,133,95.520193
1088_child_trailer_mask_0.png,219,151.330741
1088_cranes_mask_0.png,57,33.191529
1088_man_mask_0.png,191,130.275874
1088_woman_mask_0.png,255,130.185829
1092_candles_mask_merged.png,136,98.988047
1092_painting_mask_0.png,255,126.248036
1092_plant_mask_0.png,249,161.049555
1092_pot_mask_0.png,208,114.164207
1092_table_mask_0.png,161,76.040112
1096_Man_in_blue_mask_0.png,255,124.017624
1096_chair_mask_merged.png,205,62.987262
1096_laptop_mask_0.png,158,56.45927
1096_water_bottle_mask_0.png,117,53.176509
1098_lamp_mask_0.png,136,82.202906
1098_laptop_mask_0.png,249,89.372656
1098_laptop_mask_1.png,190,124.299767
1098_phone_mask_0.png,165,125.789627
1098_speaker_mask_0.png,123,112.427435
1098_speaker_mask_1.png,26,8.133761
1101_boy_in_shorts_mask_0.png,176,132.296873
1101_boy_in_shorts_mask_1.png,249,168.667294
1101_orange_board_mask_0.png,255,160.235574
1103_accordion_mask_0.png,241,125.901631
1103_accordion_mask_1.png,103,47.146732
1103_man_mask_0.png,109,37.103166
1103_man_mask_1.png,255,79.236029
1103_woman_in_red_mask_0.png,180,57.487799
1104_Blue_tape_mask_0.png,194,74.586305
1104_calculator_mask_0.png,173,111.982615
1104_pink_razor_mask_0.png,255,199.91951
1104_rubber_duck_mask_0.png,209,80.94508
1105_glass_door_mask_merged.png,154,121.741057
1105_painting_mask_0.png,255,124.78799
1105_plant_mask_0.png,158,67.101413
1105_sign_mask_0.png,137,98.130369
1106_dog_mask_0.png,255,153.716396
1106_laptop_mask_0.png,222,111.658387
1106_man_mask_0.png,253,71.158876
1106_mug_mask_0.png,66,31.644503
1106_mug_mask_1.png,4,1.621007
1108_bowl_mask_0.png,194,142.426995
1108_rice_cooker_mask_0.png,100,48.246428
1108_woman_mask_0.png,175,68.781041
1111_Man_in_white_mask_0.png,176,95.607058
1111_Man_in_white_mask_1.png,255,154.08987
1111_football_mask_0.png,107,71.915194
1112_Woman_holding_ice_cream_mask_0.png,255,143.859204
1112_dog_with_leash_mask_0.png,181,83.868136
1112_ice_cream_mask_0.png,171,143.002833
1112_leash_mask_0.png,181,121.464912
1112_man_mask_0.png,40,11.983881
1115_rocks_mask_merged.png,40,11.75639
1115_seagull_mask_0.png,159,74.545173
1115_woman_in_bikini_mask_0.png,255,168.716124
1116_Green_chairs_mask_merged.png,188,61.922536
1116_faucet_mask_0.png,141,66.94994
1116_glass_table_mask_0.png,187,66.938248
1116_green_light_mask_merged.png,122,78.288378
1116_pot_mask_0.png,40,19.47879
1116_sink_mask_0.png,209,112.965401
1120_Bicycle_mask_0.png,255,111.703108
1120_number_5_mask_0.png,26,15.348534
1120_number_6_mask_1.png,47,30.968803
1122_cat_mask_0.png,212,148.765673
1122_chair_mask_0.png,154,54.722852
1122_food_mask_merged.png,197,144.918968
1122_tray_mask_0.png,198,141.433459
1122_washing_machine_mask_0.png,255,89.395173
1125_blue_chair_mask_0.png,153,74.614569
1125_child_mask_0.png,249,120.988907
1125_pink_stool_mask_0.png,122,34.451423
1125_toy_guitar_mask_0.png,252,163.852179
1128_Bottle_mask_0.png,223,120.966344
1128_bag_mask_merged.png,254,43.431351
1128_bird_mask_0.png,253,140.667384
1131_clock_mask_merged.png,229,130.545501
1131_man_in_yellow_mask_0.png,255,161.540287
1131_sign_mask_0.png,205,107.937146
1131_sign_mask_1.png,229,128.311298
1133_beer_can_mask_0.png,230,96.929031
1133_lime_slices_mask_merged.png,227,158.409787
1133_plastic_bag_mask_0.png,227,139.181023
1133_small_bottle_mask_0.png,255,167.251737
1134_TV_mask_0.png,250,151.36081
1134_chair_mask_0.png,251,57.612578
1134_headset_mask_0.png,251,150.597695
1134_outlet_mask_0.png,12,10.438938
1134_outlet_mask_merged_2.png,63,43.385006
1134_window_mask_0.png,14,5.883111
1135_man_in_green_mask_merged.png,111,48.546552
1135_man_mask_2.png,255,158.808387
1135_sign_mask_merged.png,244,81.759122
1135_soccer_ball_mask_0.png,158,114.698514
1135_soccer_net_mask_0.png,131,26.605169
1137_Candle_mask_0.png,255,112.902794
1137_notebook_mask_0.png,59,11.109315
1137_pen_mask_0.png,29,17.871715
1137_plate_mask_0.png,62,13.562926
1137_sandwich_mask_merged.png,61,15.048886
1139_Man_in_green_mask_0.png,241,97.463495
1139_dog_mask_0.png,255,182.01623
1139_frisbee_mask_0.png,194,150.370759
1139_frisbee_mask_1.png,48,36.657645
1142_boy_in_red_mask_0.png,255,126.310911
1142_orange_toy_mask_0.png,210,145.387023
1142_pink_toy_mask_0.png,123,97.642229
1142_pink_toy_mask_1.png,43,24.909765
1144_Pineapple_mask_0.png,255,98.123538
1144_Pineapple_mask_1.png,161,126.567849
1144_cherry_mask_0.png,174,159.807789
1144_drink_mask_0.png,123,56.65633
1144_straw_mask_0.png,69,40.466848
1144_umbrella_mask_0.png,176,146.148118
1146_child_in_red_mask_0.png,212,135.841967
1146_dog_mask_0.png,239,160.371325
1146_man_in_sweater_mask_0.png,255,155.480399
1146_stone_memorial_mask_0.png,231,131.452229
1147_Child_mask_0.png,172,97.048467
1147_shoes_mask_merged.png,13,3.01194
1147_tea_set_mask_0.png,164,93.178668
1147_woman_mask_0.png,255,106.466209
1148_apple_mask_0.png,33,13.665974
1148_dog_mask_0.png,193,47.027695
1148_legs_mask_merged.png,111,37.907299
1148_napkin_mask_0.png,54,14.780331
1148_plastic_bag_mask_0.png,33,10.943994
1148_salad_mask_0.png,255,132.543834
1151_Mallet_mask_0.png,232,112.909464
1151_cucumbers_mask_merged.png,255,163.657431
1151_jar_with_almonds_mask_merged.png,184,75.338134
1154_child_mask_0.png,161,95.52304
1154_child_mask_1.png,255,125.588705
1154_monkey_mask_0.png,99,48.597471
1154_monkey_mask_1.png,201,140.486715
1155_boy_in_yellow_mask_0.png,255,167.613107
1155_boy_in_yellow_mask_1.png,141,106.693041
1155_sailboat_mask_0.png,196,116.285905
1160_Sign_mask_8.png,48,41.355491
1160_Sign_mask_merged_1.png,255,170.661698
1160_Sign_mask_merged_2.png,115,52.550575
1160_Sign_mask_merged_3.png,73,55.076419
1160_person_mask_0.png,167,106.093691
1162_boy_in_camo_mask_0.png,242,96.897926
1162_camo_shirt_mask_0.png,235,54.224886
1162_paper_mask_0.png,227,144.056784
1162_round_clock_mask_0.png,255,162.575052
1163_Woman_in_dress_mask_0.png,160,86.713617
1163_road_sign_with_deer_mask_0.png,245,192.206629
1163_road_sign_with_deer_mask_1.png,255,207.880269
1167_Man_in_green_mask_0.png,198,72.379239
1167_bald_eagle_mask_0.png,234,54.97027
1167_child_in_white_mask_0.png,255,148.437944
1167_woman_mask_0.png,126,57.157668
1169_girl_in_red_mask_0.png,255,120.613317
1169_girl_in_white_mask_0.png,243,135.467591
1169_red_jersey_mask_0.png,255,154.419108
1169_soccer_ball_mask_0.png,138,98.277794
1169_white_jersey_mask_0.png,243,155.344916
1170_Boy_in_red_mask_0.png,255,117.392763
1170_child_in_stripes_mask_0.png,239,74.203656
1170_sofa_mask_0.png,174,39.568436
1170_tablet_mask_0.png,230,115.837298
1171_Black_watch_mask_0.png,96,50.668454
1171_black_pen_mask_0.png,128,55.480118
1171_smartphone_mask_0.png,255,86.053059
1174_black_dog_mask_0.png,255,98.580659
1174_brown_dog_mask_0.png,213,96.857686
1174_floral_pillow_mask_0.png,255,150.214247
1174_floral_pillow_mask_1.png,123,69.454057
1174_pink_couch_mask_0.png,216,40.893446
1175_elk_mask_0.png,248,123.006726
1175_gray_car_mask_0.png,160,140.667967
1175_red_car_mask_0.png,155,70.681363
1176_Man_in_brown_mask_0.png,76,47.695556
1176_child_in_blue_mask_0.png,59,48.845842
1176_child_in_blue_mask_1.png,72,51.954463
1176_man_mask_2.png,53,42.937104
1176_man_mask_merged_1.png,76,48.20426
1176_stop_sign_mask_0.png,255,225.175127
1177_Woman_in_black_mask_merged.png,255,111.560876
1177_bottles_mask_8.png,118,96.133272
1177_bottles_mask_9.png,117,101.164016
1177_bottles_mask_merged_1.png,79,31.743052
1177_wristband_mask_0.png,94,85.064246
1179_Keyboard_mask_0.png,255,137.974513
1179_flower_mask_merged.png,249,143.828008
1179_framed_picture_mask_0.png,98,36.319486
1179_framed_picture_mask_1.png,94,37.255039
1179_vase_mask_0.png,249,150.886937
1180_Boy_holding_object_mask_0.png,255,162.139851
1180_Boy_holding_object_mask_1.png,193,126.911101
1180_Boy_holding_object_mask_2.png,151,122.031696
1181_cargo_ship_mask_0.png,177,135.424722
1181_man_mask_0.png,229,203.803648
1181_one_way_sign_mask_0.png,85,60.101556
1182_Grill_mask_0.png,235,116.622806
1182_red_fan_mask_0.png,225,162.988648
1182_spatula_mask_0.png,92,65.081545
1182_tongs_mask_merged.png,106,71.884921
1182_woman_in_dress_mask_0.png,255,80.494007
1183_fire_mask_0.png,205,165.944966
1183_fire_pit_mask_0.png,205,73.763786
1183_woman_mask_0.png,255,119.942488
1184_buckets_mask_merged_1.png,152,62.880032
1184_buckets_mask_merged_2.png,145,47.571244
1184_cabinet_mask_3.png,194,54.490128
1184_cabinet_mask_merged_1.png,164,60.983013
1184_child_mask_0.png,255,129.799099
1186_Girl_in_orange_mask_0.png,255,142.060401
1186_cart_mask_0.png,148,35.214276
1186_red_balls_mask_0.png,75,34.114435
1186_red_balls_mask_1.png,48,29.102759
1186_red_balls_mask_2.png,42,15.863195
1188_Man_in_white_mask_0.png,255,94.281562
1188_Man_in_white_mask_1.png,201,77.985082
1188_man_in_black_mask_0.png,149,69.008465
1188_man_in_red_mask_0.png,155,95.756728
1188_man_mask_merged_1.png,255,89.653884
1188_torch_mask_merged.png,200,92.417365
1191_Boy_in_red_mask_0.png,255,191.078836
1191_Boy_in_red_mask_1.png,68,42.307346
1191_ball_mask_0.png,13,7.912605
1191_ball_mask_1.png,64,62.364407
1191_shoe_mask_0.png,43,26.198543
1191_shoe_mask_1.png,26,24.157658
1195_buildings_mask_merged.png,197,66.113371
1195_man_mask_0.png,255,123.521854
1195_woman_mask_0.png,236,157.131195
1198_cat_mask_0.png,137,47.861377
1198_cat_mask_1.png,148,39.122728
1198_keys_mask_merged.png,231,127.372255
1198_magazine_mask_3.png,98,77.57503
1198_magazine_mask_merged_1.png,171,88.510392
1198_paper_mask_3.png,255,179.116956
1200_Pelican_mask_0.png,144,101.872205
1200_person_mask_0.png,255,82.621241
1200_sweater_mask_0.png,173,73.806103
1203_man_in_shorts_mask_1.png,211,85.763954
1203_man_in_shorts_mask_merged_1.png,246,126.341206
1203_ship_mask_0.png,106,54.099034
1203_soccer_ball_mask_0.png,255,233.163701
1204_Man_in_sunglasses_mask_0.png,181,100.197422
1204_bottle_mask_0.png,181,142.656413
1204_man_in_straw_hat_mask_0.png,255,150.822892
1204_sign_mask_0.png,177,87.787748
1206_Girl_mask_0.png,250,121.507895
1206_green_shovel_mask_0.png,255,166.753817
1206_orange_bucket_mask_0.png,240,152.801333
1206_pink_bucket_mask_0.png,37,11.063666
1209_Mouse_mask_merged.png,87,43.865649
1209_black_device_mask_0.png,126,97.631871
1209_black_device_mask_1.png,140,100.002618
1209_glasses_mask_0.png,255,150.011027
1209_keyboard_mask_0.png,82,31.897244
1214_car_mask_0.png,144,134.949538
1214_elk_mask_0.png,54,21.179776
1214_elk_mask_1.png,255,148.738715
1216_Black_car_mask_0.png,121,105.879914
1216_Black_car_mask_1.png,155,86.95635
1216_people_mask_2.png,142,128.206215
1216_people_mask_merged_1.png,161,137.784439
1216_white_van_mask_0.png,255,178.959529
1217_card_mask_0.png,255,118.674165
1217_card_mask_1.png,166,138.470003
1217_leaf_mask_merged.png,101,63.401723
1217_red_multitool_mask_0.png,198,119.957552
1217_watch_mask_0.png,49,35.746933
1220_Sailboat_mask_0.png,175,116.015298
1220_boy_in_blue_mask_0.png,255,138.572319
1220_girl_in_pink_mask_0.png,241,162.224594
1223_Man_in_orange_mask_merged.png,246,124.775476
1223_checkered_flag_mask_0.png,255,109.329335
1223_red_car_mask_0.png,156,109.914611
1224_Woman_mask_0.png,208,63.296193
1224_man_mask_0.png,34,19.733918
1224_white_car_mask_0.png,138,85.782479
1224_white_car_mask_3.png,102,60.762784
1224_white_car_mask_merged_2.png,255,120.556022
1224_white_van_mask_0.png,88,54.856367
1225_Hikers_mask_merged.png,226,166.590532
1225_backpack_mask_0.png,187,165.575236
1225_backpack_mask_1.png,214,177.502158
1225_man_mask_0.png,226,182.807131
1225_man_mask_1.png,187,152.472714
1225_sailboat_mask_0.png,252,173.650696
1226_Man_in_gray_mask_merged.png,255,136.077113
1226_chair_mask_0.png,147,113.2664
1226_colorful_umbrella_mask_merged.png,214,90.45309
1226_man_mask_0.png,145,78.508216
1226_seated_person_mask_merged.png,146,62.973259
1227_Man_in_white_mask_0.png,255,112.333915
1227_glass_of_juice_mask_0.png,226,138.555753
1227_mug_mask_0.png,82,34.539929
1227_newspaper_mask_merged.png,129,59.984325
1229_Croissant_mask_0.png,193,79.531948
1229_book_mask_0.png,137,79.899407
1229_coffee_cup_mask_merged.png,134,62.060292
1229_napkin_mask_0.png,195,75.822074
1230_Books_mask_0.png,120,84.132069
1230_frame_mask_0.png,255,110.353318
1230_plant_mask_0.png,253,188.853044
1230_sculpture_mask_0.png,220,146.167401
1232_backpack_mask_0.png,255,205.743884
1232_person_mask_0.png,255,115.249478
1232_tree_mask_merged_1.png,27,23.799225
1232_tree_mask_merged_2.png,32,16.189851
1232_tree_mask_merged_3.png,80,59.408091
1233_baton_mask_0.png,255,221.86259
1233_person_in_white_shirt_mask_0.png,68,17.623753
1233_person_in_white_shirt_mask_1.png,9,7.288243
1236_chihuahua_mask_0.png,161,70.345112
1236_container_mask_0.png,93,22.451978
1236_food_mask_0.png,127,44.246585
1236_fork_mask_0.png,145,102.53873
1236_laptop_mask_0.png,255,138.153546
1236_phone_mask_0.png,31,13.37004
1244_Woman_in_yellow_mask_0.png,255,124.016706
1244_book_mask_0.png,236,165.880472
1244_flip-flops_mask_0.png,112,62.885938
1244_towel_mask_0.png,97,53.574812
1248_Frisbee_mask_0.png,42,27.190065
1248_Frisbee_mask_1.png,31,17.131016
1248_Man_in_gray_mask_0.png,241,117.505181
1248_puppy_mask_0.png,255,171.657956
1249_ball_mask_0.png,70,58.742593
1249_bird_mask_0.png,13,10.742268
1249_man_mask_0.png,255,155.125306
1252_Boy_in_red_mask_0.png,242,105.726515
1252_boxes_mask_merged.png,118,52.585341
1252_green_ball_mask_0.png,100,73.222531
1252_green_ball_mask_2.png,94,84.508699
1252_green_ball_mask_3.png,121,101.983486
1252_green_balloons_mask_1.png,34,20.562777
1258_cricket_bat_mask_0.png,162,103.508242
1258_cricket_player_mask_0.png,247,160.271546
1258_cricket_player_mask_1.png,237,128.497819
1261_blue_chair_mask_0.png,244,138.03185
1261_gorilla_image_mask_0.png,199,145.066196
1261_green_chair_mask_0.png,205,121.841038
1261_grey_shirt_mask_0.png,161,97.881154
1261_inflatable_screen_mask_0.png,199,104.489253
1261_purple_shirt_mask_0.png,254,176.066715
1264_Tree_mask_0.png,192,89.656286
1264_baby_elephant_mask_0.png,69,45.457551
1264_elephant_mask_1.png,254,98.557598
1267_Girl_mask_0.png,211,69.240482
1267_large_pots_mask_merged.png,255,130.33301
1267_stove_mask_0.png,157,90.703803
1269_missile_mask_0.png,254,106.308178
1269_missile_mask_1.png,177,100.336975
1269_soldier_mask_0.png,6,4.687075
1269_soldier_mask_1.png,235,60.233623
1272_basin_mask_0.png,232,86.294237
1272_cotton_swabs_mask_0.png,32,25.443627
1272_eye_drop_mask_0.png,120,102.341713
1272_rolled_towel_mask_0.png,106,86.739945
1272_rolled_towel_mask_1.png,247,32.625938
1272_tweezers_mask_0.png,17,9.136102
1277_bag_mask_0.png,135,88.555602
1277_bench_mask_0.png,255,57.159536
1277_dog_mask_0.png,130,62.204014
1277_phone_mask_0.png,134,126.617594
1277_woman_mask_0.png,225,106.141589
1278_Girl_in_pink_mask_0.png,156,96.294041
1278_boy_in_white_mask_0.png,255,130.015575
1278_pink_towel_mask_0.png,110,79.181468
1278_plate_mask_0.png,132,115.783022
1278_seagull_mask_0.png,77,76.938462
1278_seagull_mask_1.png,94,83.630605
1279_Boy_mask_0.png,255,111.200445
1279_black_and_white_shirt_mask_0.png,255,126.466973
1279_book_mask_0.png,227,173.515379
1279_dog_mask_0.png,145,77.426079
1281_Glass_mask_0.png,135,57.152588
1281_book_mask_0.png,230,117.811914
1281_bowl_mask_0.png,255,140.302054
1281_chair_mask_0.png,233,46.155114
1281_cherries_mask_merged.png,255,183.714796
1281_napkin_mask_0.png,232,44.401644
1283_Lamp_mask_0.png,156,46.45816
1283_candle_mask_0.png,186,161.532932
1283_photo_frame_mask_0.png,255,184.581074
1284_Road_closed_sign_mask_0.png,130,83.468981
1284_barriers_mask_merged.png,255,75.307869
1284_person_mask_1.png,2,0.99902
1284_person_mask_merged_1.png,172,72.291597
1284_posted_sign_mask_merged.png,168,84.447645
1286_curtain_mask_0.png,67,18.469531
1286_curtain_mask_1.png,128,60.368473
1286_man_mask_0.png,255,60.702356
1286_phone_mask_0.png,146,131.44142
1286_tablet_mask_0.png,231,162.797973
1286_woman_mask_0.png,161,47.827942
1287_Woman_in_glasses_mask_0.png,255,99.541541
1287_beer_can_mask_merged.png,252,182.834266
1287_book_mask_0.png,184,53.584737
1287_coffee_mug_mask_0.png,41,21.120496
1287_man_mask_merged.png,41,21.254615
1287_striped_hat_mask_0.png,105,36.616166
1290_Man_in_white_mask_0.png,255,144.543948
1290_man_in_blue_mask_0.png,136,56.157901
1290_man_mask_0.png,5,4.013158
1290_tennis_ball_mask_0.png,95,92.778802
1290_tennis_racket_mask_0.png,97,83.946423
1292_Woman_mask_0.png,194,120.099152
1292_blanket_mask_0.png,131,56.905981
1292_book_mask_0.png,43,22.142674
1292_book_mask_1.png,148,119.658766
1292_dog_mask_0.png,255,88.230932
1292_girl_mask_merged.png,197,96.637397
1294_Sign_mask_0.png,202,89.925278
1294_gray_car_mask_0.png,222,124.305026
1294_man_in_blue_mask_0.png,255,178.160214
1302_Man_in_blue_mask_0.png,215,116.290177
1302_inflatable_ring_mask_0.png,171,86.398582
1302_man_mask_1.png,51,16.41824
1302_tiger_mask_0.png,255,146.651856
1303_Woman_mask_merged.png,255,127.763584
1303_man_mask_0.png,148,85.989276
1303_sunglasses_mask_0.png,240,224.235877
1303_surfboard_mask_0.png,237,115.88316
1303_surfboard_mask_1.png,149,67.151453
1305_Book_mask_0.png,253,132.753592
1305_coaster_mask_0.png,255,192.8702
1305_glass_mask_0.png,242,89.145009
1305_menu_mask_0.png,121,28.802862
1306_mug_mask_0.png,255,101.287295
1306_phone_mask_0.png,15,8.74668
1306_phone_mask_1.png,121,43.327604
1306_soda_can_mask_0.png,107,56.951494
1306_spoon_mask_0.png,39,18.966533
1306_straw_mask_0.png,42,21.080897
1307_fish_mask_0.png,191,119.570912
1307_pink_label_mask_1.png,155,61.194204
1307_pink_label_mask_merged_1.png,181,143.138257
1307_salmon_oil_mask_0.png,181,108.651789
1307_salmon_oil_mask_1.png,255,124.375305
1310_bag_mask_0.png,99,61.754617
1310_cups_mask_0.png,164,140.415168
1310_cups_mask_3.png,121,102.599485
1310_cups_mask_merged_2.png,211,170.346827
1310_teapot_mask_0.png,80,44.883195
1310_woman_in_black_mask_merged.png,255,90.330676
1313_figurine_mask_merged.png,249,67.978177
1313_flowers_mask_5.png,92,67.250954
1313_flowers_mask_merged_1.png,255,80.517014
1313_pink_candle_mask_0.png,56,23.076437
1314_chair_mask_0.png,247,147.660156
1314_chair_mask_1.png,166,134.525627
1314_red_box_mask_0.png,141,127.212329
1314_wall-mounted_unit_mask_0.png,255,112.066645
1317_Spoon_mask_0.png,137,55.841678
1317_bowl_mask_0.png,255,100.574221
1317_food_mask_1.png,88,66.991313
1317_food_mask_merged_1.png,108,75.0935
1319_bag_mask_0.png,253,133.290305
1319_flip-flops_mask_merged.png,123,41.109079
1319_woman_in_pink_mask_0.png,255,137.402035
1320_book_mask_0.png,245,172.01183
1320_child_mask_merged.png,255,104.248055
1320_girl_in_white_mask_0.png,214,107.705958
1320_pillow_mask_merged.png,249,57.245241
1320_pink_bear_mask_0.png,90,37.907675
1320_teddy_bear_mask_1.png,192,130.343952
1323_Lamp_mask_0.png,216,76.468004
1323_bowl_mask_0.png,42,32.944628
1323_paintings_mask_0.png,200,103.729381
1323_paintings_mask_1.png,255,161.37313
1323_wooden_table_mask_0.png,31,11.319869
1324_Computer_mask_merged.png,255,119.222046
1324_keyboard_mask_0.png,39,24.896217
1324_speakers_mask_0.png,182,118.731543
1324_speakers_mask_1.png,149,95.90653
1324_trackpad_mask_0.png,30,19.935585
1325_Christmas_ornament_mask_0.png,138,50.449539
1325_Pan_mask_0.png,236,75.018869
1325_book_mask_0.png,238,84.264016
1325_bread_mask_0.png,228,121.403162
1325_man_mask_0.png,235,113.28182
1325_t-shirt_mask_0.png,236,114.962614
1329_child_mask_0.png,133,63.494147
1329_child_mask_1.png,255,153.63042
1329_racket_mask_0.png,145,113.719547
1329_racket_mask_1.png,134,99.854759
1331_Woman_mask_merged.png,252,107.495953
1331_book_mask_0.png,255,70.612572
1331_child_mask_0.png,254,124.232936
1331_glasses_mask_0.png,219,143.476719
1331_hat_mask_0.png,252,141.775504
1332_Blue_clock_mask_0.png,119,84.530873
1332_picture_frame_mask_merged.png,161,41.551553
1332_plant_mask_0.png,241,66.45769
1333_baby_mask_0.png,209,104.974725
1333_blue_float_mask_0.png,255,166.49864
1333_woman_mask_0.png,248,105.511715
1334_cup_with_pens_mask_0.png,229,133.43328
1334_dish_mask_0.png,148,90.197913
1334_fork_mask_0.png,115,65.129802
1334_tissue_box_mask_0.png,177,112.889533
1334_yellow_container_mask_0.png,255,144.973387
1340_Man_in_black_mask_0.png,135,66.880712
1340_child_mask_0.png,227,113.398884
1340_hat_mask_0.png,227,134.200136
1340_hat_mask_1.png,52,46.959915
1340_pumpkin_bag_mask_merged.png,255,138.79197
1340_woman_mask_0.png,203,116.932931
1341_art_on_wall_mask_0.png,110,63.002208
1341_art_on_wall_mask_1.png,163,85.924913
1341_man_mask_0.png,60,32.20563
1341_man_mask_1.png,255,159.831251
1341_woman_mask_0.png,156,109.564771
1342_catamaran_mask_0.png,255,107.386883
1342_man_mask_0.png,224,187.950752
1342_person_on_boat_mask_0.png,241,152.006522
1346_cow_mask_0.png,85,83.783784
1346_cow_mask_1.png,65,61.577181
1346_cow_mask_4.png,117,115.547101
1346_cow_mask_merged_3.png,16,9.74537
1346_person_in_red_mask_0.png,255,133.593319
1347_Grill_mask_0.png,162,41.14498
1347_chalk_writing_mask_merged.png,86,50.923867
1347_fire_mask_merged_1.png,57,48.131974
1347_fire_mask_merged_2.png,255,171.059293
1348_Woman_in_black_mask_0.png,255,186.839966
1348_cap_mask_0.png,135,122.934268
1348_dog_mask_0.png,154,133.342091
1348_leash_mask_0.png,213,113.972973
1349_burger_mask_0.png,228,123.790355
1349_cat_mask_0.png,255,104.212973
1349_hand_mask_0.png,203,51.910817
1350_parrot_mask_0.png,255,168.023516
1350_picture_mask_0.png,170,121.261751
1350_shelves_mask_merged.png,162,48.943505
1350_woman_mask_0.png,222,75.077248
1351_book_mask_0.png,254,148.970038
1351_glasses_mask_0.png,243,124.416096
1351_lamp_mask_merged.png,159,44.440334
1351_man_mask_0.png,189,38.493112
1353_book_mask_0.png,252,148.738547
1353_faucet_mask_merged.png,43,17.687019
1353_purple_candle_mask_0.png,200,133.180356
1353_red_candle_mask_1.png,255,125.278075
1354_child_mask_0.png,238,114.409435
1354_dog_mask_0.png,255,123.681975
1354_orange_ring_mask_0.png,163,141.560793
1356_cap_mask_0.png,66,31.646734
1356_child_mask_0.png,240,157.523001
1356_dog_mask_0.png,211,109.855689
1356_gate_mask_0.png,206,78.968787
1356_man_in_cap_mask_0.png,218,137.406406
1356_pony_mask_0.png,255,94.522936
1358_Child_mask_0.png,255,153.223666
1358_drum_mask_0.png,30,8.160528
1358_drum_mask_1.png,133,39.883742
1359_Woman_in_striped_bikini_mask_merged.png,255,129.798245
1359_red_barrel_mask_0.png,176,63.139017
1359_sunglasses_mask_0.png,214,144.785714
1362_paper_towel_mask_0.png,10,5.885104
1362_paper_towel_mask_1.png,109,35.749232
1362_plate_mask_0.png,255,120.750624
1363_cable_mask_merged_1.png,122,84.44172
1363_cable_mask_merged_2.png,15,10.091948
1363_can_mask_0.png,209,127.893815
1363_iWork_box_mask_0.png,107,60.461959
1363_iWork_box_mask_1.png,255,142.271204
1363_laptop_mask_1.png,116,89.013384
1364_man_in_blue_mask_1.png,255,150.880834
1364_man_in_blue_mask_merged_1.png,118,68.107807
1364_man_mask_merged_1.png,119,53.908744
1364_red_railing_mask_0.png,118,62.920715
1367_Boy_mask_0.png,247,148.876776
1367_DVD_case_mask_0.png,145,86.279213
1367_charging_cable_mask_0.png,131,90.000873
1367_cushion_mask_merged.png,190,36.859458
1367_slipper_mask_merged.png,164,131.550229
1370_Man_in_orange_mask_0.png,255,140.012315
1370_deer_mask_0.png,99,47.397712
1370_rifle_mask_0.png,45,36.238771
1373_boy_in_green_mask_0.png,248,86.108349
1373_boy_mask_1.png,166,83.428655
1373_boy_mask_merged_1.png,248,110.486124
1373_boy_with_green_balloon_mask_0.png,221,126.093994
1373_green_balloon_mask_0.png,222,120.282017
1373_pink_balloon_mask_merged.png,255,172.466929
1374_Black_and_white_shirt_mask_0.png,255,126.599485
1374_book_mask_0.png,228,173.756107
1374_dog_mask_0.png,145,77.537082
1377_Black_cat_mask_0.png,243,69.008977
1377_coffee_maker_mask_0.png,185,110.325075
1377_frying_pan_mask_0.png,231,51.140938
1377_kettle_mask_0.png,255,92.067418
1377_red_container_mask_0.png,246,134.533137
1379_box_mask_0.png,140,78.726411
1379_paper_mask_0.png,140,97.212464
1379_woman_mask_0.png,255,99.017144
1380_cricket_ball_mask_0.png,88,77.512121
1380_cricket_bat_mask_0.png,224,204.188908
1380_cricket_player_mask_0.png,213,146.973706
1383_flowers_mask_merged.png,206,100.467387
1383_lamp_mask_0.png,195,111.100586
1383_pillows_mask_merged.png,129,51.724749
1383_table_mask_0.png,176,109.845805
1385_Baby_mask_0.png,202,49.218864
1385_corn_toy_mask_0.png,214,146.334995
1385_corn_toy_mask_merged_2.png,255,160.783912
1385_green_toy_mask_0.png,167,95.724996
1385_sushi_toy_mask_merged_1.png,214,124.02163
1385_yellow_toy_mask_1.png,255,201.039274
1386_double_bass_mask_merged.png,255,53.442519
1386_man_mask_0.png,44,8.870629
1386_man_mask_merged_2.png,229,70.987049
1386_man_with_double_bass_mask_1.png,122,66.040644
1387_coffee_cup_mask_0.png,189,63.361539
1387_cupcake_mask_0.png,255,183.973926
1387_cupcake_mask_1.png,148,129.401383
1387_flyers_mask_merged.png,249,160.41093
1387_napkin_mask_0.png,223,119.860621
1391_Plate_mask_0.png,247,165.286606
1391_Plate_mask_1.png,85,32.989264
1391_book_mask_0.png,255,158.782389
1391_cookies_mask_merged.png,243,195.629683
1391_cup_mask_0.png,147,88.05165
1391_oranges_mask_merged.png,48,13.124096
1392_Black_ball_mask_0.png,127,109.75653
1392_blue_ball_mask_0.png,105,87.361926
1392_cue_stick_mask_0.png,236,142.143185
1392_man_mask_0.png,255,71.685726
1392_red_ball_mask_0.png,24,18.30842
1392_white_ball_mask_0.png,94,85.188184
1393_books_mask_merged.png,203,67.213556
1393_flowers_mask_merged.png,148,60.991865
1393_metal_bowl_mask_0.png,255,159.846746
1393_sunglasses_mask_0.png,241,172.926354
1393_vase_mask_0.png,148,111.91137
1395_Man_in_black_mask_0.png,157,78.80398
1395_man_mask_1.png,194,169.10952
1395_sign_mask_0.png,234,119.947605
1395_sign_mask_1.png,168,116.600228
1395_woman_in_red_mask_0.png,218,163.860211
1397_Chair_mask_0.png,255,69.195729
1397_box_mask_0.png,101,29.596542
1397_radiator_mask_0.png,109,46.400248
1397_table_mask_0.png,140,82.25563
1397_window_mask_0.png,84,29.468238
1402_Bicycle_mask_0.png,189,170.33561
1402_car_mask_0.png,255,173.406413
1402_deer_mask_0.png,210,99.055875
1402_person_mask_0.png,156,141.240437
1402_person_mask_1.png,180,142.659281
1403_blue_car_mask_0.png,255,171.096631
1403_red_car_mask_0.png,92,52.149629
1403_silos_mask_merged.png,253,153.480251
1403_yellow_plane_mask_0.png,193,156.203687
1404_bowl_mask_0.png,179,113.78462
1404_cat_mask_0.png,189,102.429002
1404_coffee_machine_mask_merged.png,227,50.264981
1404_kettle_mask_0.png,227,76.976743
1404_toaster_mask_0.png,255,106.361256
1406_Man_in_blue_mask_0.png,255,185.712103
1406_paddle_mask_0.png,167,120.978392
1406_red_buoy_mask_0.png,206,164.450305
1408_basketball_mask_0.png,168,143.40881
1408_man_in_red_mask_merged.png,255,117.307209
1408_man_mask_2.png,11,9.083802
1408_man_mask_3.png,224,152.029993
1410_Measuring_cup_mask_0.png,87,47.962171
1410_Measuring_cup_mask_1.png,218,115.403806
1410_jar_mask_0.png,255,145.508478
1410_small_cup_mask_1.png,132,74.88
1410_spoon_mask_0.png,180,129.81097
1410_sticks_mask_merged.png,150,123.256864
1411_Motorcycle_mask_0.png,117,87.24392
1411_donkey_mask_0.png,202,76.882177
1411_donkey_mask_1.png,255,168.846892
1412_Glass_mask_0.png,140,76.887057
1412_book_mask_0.png,192,70.085213
1412_chair_mask_0.png,210,94.289862
1412_foot_mask_0.png,78,43.539172
1412_nail_polish_mask_1.png,255,204.040732
1413_Military_truck_mask_0.png,255,114.885441
1413_car_mask_0.png,211,138.491914
1413_man_in_blue_mask_0.png,178,86.391953
1413_striped_hat_mask_0.png,105,94.892383
1414_ball_mask_0.png,255,185.791869
1414_beer_bottles_mask_2.png,209,131.724753
1414_beer_bottles_mask_merged_1.png,144,76.193069
1414_cap_mask_0.png,138,72.96274
1414_dog_mask_0.png,194,88.931205
1418_Yellow_chair_mask_0.png,98,22.754034
1418_boys_mask_0.png,255,86.142428
1418_boys_mask_1.png,221,67.388203
1418_paper_mask_merged.png,213,75.379949
1419_man_mask_0.png,255,203.951672
1419_sailboat_mask_0.png,11,4.839707
1419_sailboat_mask_1.png,76,64.485318
1419_soccer_ball_mask_0.png,135,119.639476
1421_Woman_mask_0.png,255,133.700478
1421_black_guitar_mask_0.png,176,99.620791
1421_black_stick_mask_0.png,158,76.199851
1421_child_mask_0.png,192,105.114762
1421_wall_mask_mask_0.png,153,62.980652
1422_Gray_car_mask_2.png,159,62.300677
1422_Gray_car_mask_merged_1.png,172,64.28552
1422_man_in_black_mask_0.png,255,75.145513
1423_cup_mask_merged.png,149,67.707334
1423_saucer_mask_0.png,226,91.59932
1423_wooden_spoon_mask_0.png,81,50.758425
1423_wooden_spoon_mask_1.png,255,188.455142
1424_book_mask_0.png,208,62.759365
1424_cat_mask_0.png,228,101.407077
1424_pillow_mask_merged.png,255,116.448745
1429_Woman_in_shorts_mask_merged_2.png,255,100.465135
1429_volleyball_mask_0.png,16,10.188038
1429_woman_in_bikini_mask_0.png,177,95.70646
1429_woman_in_bikini_mask_1.png,162,90.535201
1430_baby_mask_0.png,187,79.707152
1430_man_mask_0.png,255,46.320523
1430_wristbands_mask_merged.png,118,92.187141
1433_Woman_mask_0.png,255,127.159284
1433_guitar_case_mask_merged.png,164,79.253157
1433_guitar_mask_0.png,223,132.245322
1436_Silver_car_mask_0.png,73,28.887404
1436_orange_helmet_mask_0.png,255,232.124491
1436_person_with_stop_sign_mask_0.png,255,128.472706
1436_road_sign_mask_0.png,216,165.614607
1436_stop_sign_mask_0.png,216,190.250878
1436_vest_mask_0.png,220,171.362739
1437_Parachute_mask_merged.png,221,86.170511
1437_flag_mask_0.png,198,134.067138
1437_person_mask_0.png,255,225.859389
1439_Sign_mask_merged.png,255,163.980154
1439_backpack_mask_0.png,111,52.046118
1439_gun_mask_0.png,114,100.431857
1439_gun_mask_1.png,197,161.914005
1439_soldier_mask_0.png,194,48.164601
1440_black_paddle_mask_0.png,89,42.540971
1440_blue_flag_mask_0.png,255,159.973618
1440_brown_board_mask_0.png,128,58.160025
1440_brown_board_mask_1.png,184,117.881301
1440_man_in_white_mask_0.png,145,86.639162
1440_man_mask_1.png,185,158.973621
1441_Woman_in_black_mask_0.png,184,100.399741
1441_tiger_mask_merged.png,255,130.473019
1441_woman_in_colorful_dress_mask_merged.png,194,106.652598
1443_Woman_mask_0.png,255,122.693085
1443_ladder_mask_0.png,112,43.614105
1443_man_mask_0.png,190,93.348143
1443_string_lights_mask_merged.png,250,102.921132
1443_sunglasses_mask_0.png,182,167.914508
1443_wreath_mask_0.png,192,165.347357
1446_Woman_with_guitar_mask_0.png,192,93.448674
1446_guitar_mask_0.png,232,57.082991
1446_man_in_jeans_mask_0.png,250,88.777082
1446_woman_mask_0.png,192,93.968231
1447_Child_mask_0.png,255,116.247388
1447_push_button_mask_0.png,141,85.269452
1447_sign_mask_0.png,168,87.10644
1448_Man_in_black_mask_0.png,149,32.669021
1448_blue_ball_mask_0.png,8,5.317842
1448_red_ball_mask_0.png,138,102.016956
1448_snooker_cue_mask_0.png,148,72.02132
1448_white_ball_mask_0.png,141,107.457217
1448_yellow_ball_mask_0.png,255,192.976079
1449_Mixer_mask_0.png,208,69.284771
1449_glass_container_mask_merged.png,255,52.14677
1449_pink_glass_mask_0.png,255,79.429751
1450_man_in_shorts_mask_2.png,248,139.280141
1450_man_in_shorts_mask_merged_1.png,255,188.79723
1450_soccer_ball_mask_0.png,42,23.747109
1451_Woman_mask_0.png,242,116.138553
1451_magazine_mask_0.png,245,166.459392
1451_red_bag_mask_0.png,255,91.73009
1453_Dog_mask_0.png,255,94.086455
1453_sandwich_mask_0.png,222,194.189082
1453_woman_mask_0.png,239,89.92818
1453_woman_mask_1.png,36,13.379576
1455_Woman_in_blue_mask_0.png,255,150.405093
1455_tennis_ball_mask_0.png,10,8.335586
1455_tennis_racket_mask_0.png,122,50.390351
1456_lemon_mask_0.png,175,96.43838
1456_mango_mask_merged.png,172,61.420191
1456_orange_carton_mask_0.png,221,132.147885
1456_packaged_cookies_mask_1.png,224,55.169291
1456_raspberries_mask_merged_2.png,156,64.555699
1457_Lamp_mask_0.png,252,80.692875
1457_doll_mask_merged.png,255,159.303875
1457_plant_mask_merged.png,221,56.09218
1457_wooden_cabinet_mask_0.png,229,107.965794
1463_man_mask_0.png,184,92.005204
1463_sign_mask_0.png,254,138.281501
1463_woman_mask_0.png,212,109.047634
1464_Fish_mask_merged.png,253,86.412051
1464_gloves_mask_2.png,103,65.410754
1464_gloves_mask_merged_1.png,168,135.443238
1464_knife_mask_0.png,212,154.399566
1464_mallet_mask_0.png,193,134.341937
1465_Woman_mask_0.png,255,170.876855
1465_bag_mask_0.png,62,49.627297
1465_speaker_mask_0.png,149,68.103837
1465_sunglasses_mask_0.png,215,181.763407
1466_Man_mask_0.png,255,69.190395
1466_Man_mask_1.png,39,11.402867
1466_cake_mask_0.png,231,115.480415
1466_glass_cover_mask_1.png,154,32.673308
1466_knife_mask_0.png,229,123.647369
1468_basketball_mask_0.png,77,41.859514
1468_player_in_red_mask_0.png,101,24.607544
1468_player_in_red_mask_merged_2.png,255,107.656006
1468_player_in_white_mask_0.png,116,47.25079
1468_player_in_white_mask_1.png,205,121.610671
1468_referee_mask_0.png,190,58.521084
1469_Yellow_flower_mask_merged.png,211,163.307384
1469_candle_mask_0.png,167,152.075096
1469_glass_candle_holder_mask_0.png,167,112.359731
1469_white_napkin_mask_0.png,255,110.485638
1473_backpack_mask_0.png,126,65.256758
1473_backpack_mask_1.png,213,109.966268
1473_fishing_rod_mask_merged.png,123,37.579861
1473_orange_object_mask_0.png,54,17.735801
1473_tackle_box_mask_0.png,122,94.701047
1473_white_bird_mask_0.png,255,153.314404
1474_Boat_mask_0.png,102,41.527926
1474_green_bottle_mask_0.png,50,46.308271
1474_man_mask_0.png,255,199.249166
1474_red_object_mask_0.png,74,66.223602
1475_Child_in_white_mask_0.png,255,123.831659
1475_child_in_blue_mask_2.png,2,1.527778
1475_child_in_blue_mask_merged_1.png,255,132.616545
1475_soccer_ball_mask_0.png,233,190.805722
1478_No_littering_sign_mask_0.png,130,69.570864
1478_person_with_hat_mask_0.png,255,203.621384
1478_trash_can_mask_0.png,86,22.959455
1479_Woman_mask_0.png,239,117.035825
1479_dog_mask_0.png,213,80.626849
1479_glass_door_mask_0.png,180,38.236809
1482_ball_mask_0.png,117,70.43316
1482_ship_mask_0.png,123,102.774683
1482_two_people_mask_merged.png,255,89.541324
1485_headset_mask_0.png,33,12.082388
1485_monitor_mask_0.png,55,18.486274
1485_monitor_mask_1.png,255,125.485867
1485_person_mask_0.png,250,80.867687
1486_Man_in_yellow_mask_0.png,186,113.440237
1486_man_mask_0.png,76,50.354103
1486_red_truck_mask_0.png,199,74.615153
1488_Black_chair_mask_0.png,255,42.194531
1488_black_book_mask_0.png,115,35.0424
1488_white_lamp_mask_0.png,121,55.701088
1488_white_vases_mask_merged.png,76,39.971664
1492_flowers_mask_merged.png,212,128.640919
1492_red_sofa_mask_0.png,177,36.26194
1492_red_vase_mask_0.png,109,83.184708
1494_Cup_mask_0.png,255,126.637019
1494_ball_mask_0.png,145,104.982377
1494_ball_mask_1.png,161,148.111693
1494_cards_mask_0.png,156,61.420572
1495_Man_in_black_mask_0.png,140,62.830916
1495_bag_mask_merged_1.png,138,98.90628
1495_bag_mask_merged_2.png,217,167.079007
1495_bench_mask_0.png,213,74.256313
1495_sign_mask_0.png,255,181.390153
1495_woman_in_blue_mask_0.png,157,90.021321
1496_Sailboat_mask_0.png,96,50.62756
1496_bird_mask_0.png,255,174.612387
1496_chair_mask_0.png,20,4.300275
1496_fence_mask_0.png,43,15.737685
1496_sign_mask_0.png,241,66.460774
1499_guardrail_mask_0.png,98,52.923349
1499_motorcycle_mask_0.png,146,73.384257
1499_road_sign_mask_0.png,255,154.366345
1500_Man_mask_0.png,255,132.950534
1500_microphone_mask_0.png,203,140.080796
1500_podium_mask_0.png,235,58.94991
1506_Man_in_red_mask_0.png,255,203.071651
1506_boat_mask_merged.png,44,34.093791
1506_child_mask_0.png,204,158.955444
1506_man_mask_1.png,230,170.137596
1506_surfboard_mask_0.png,194,128.694285
1506_surfboard_mask_1.png,188,116.095899
1507_Silver_car_mask_0.png,255,150.242463
1507_Silver_car_mask_1.png,135,127.152566
1507_deer_mask_0.png,126,88.969637
1508_bananas_mask_merged.png,255,126.846616
1508_cat_mask_0.png,252,112.002018
1508_oranges_mask_merged.png,171,125.783459
1510_man_in_red_mask_0.png,167,87.898161
1510_red_race_car_mask_0.png,255,108.795984
1510_yellow_helmet_mask_0.png,168,124.982729
1513_boy_mask_0.png,255,182.052998
1513_cymbal_mask_0.png,247,171.400488
1513_drum_set_mask_0.png,247,130.650664
1513_drumsticks_mask_merged.png,246,183.909582
1514_blue_backpack_mask_0.png,255,194.923844
1514_dog_mask_merged.png,187,106.034993
1514_man_mask_0.png,223,124.765798
1514_woman_mask_0.png,129,63.251364
1521_player_in_white_mask_0.png,171,86.093518
1521_referee_in_yellow_mask_0.png,255,119.988373
1521_soccer_ball_mask_0.png,25,16.684969
1526_black_dog_mask_0.png,149,66.615374
1526_blue_toy_mask_0.png,128,91.869218
1526_chalkboard_sign_mask_0.png,255,106.901486
1526_purple_ball_mask_0.png,54,42.601578
1526_toy_mask_merged_2.png,129,92.001121
1526_white_dog_mask_0.png,129,73.956301
1527_Woman_mask_0.png,253,82.375792
1527_camera_mask_0.png,255,202.724884
1527_curtain_mask_0.png,94,19.677419
1527_towel_mask_0.png,82,55.193977
1533_Man_in_shorts_mask_0.png,255,130.97832
1533_horse_mask_0.png,220,133.012098
1533_rope_mask_0.png,158,112.90458
1533_saddle_mask_merged.png,179,96.597986
1537_Man_in_white_mask_merged.png,244,196.274487
1537_dog_mask_0.png,255,230.647059
1537_dog_mask_1.png,242,181.179
1537_people_mask_2.png,224,134.515843
1537_woman_mask_0.png,106,96.535865
1539_Phone_mask_merged.png,255,102.02581
1539_action_figure_mask_merged.png,220,114.757319
1539_pen_mask_merged.png,217,182.923766
1539_plastic_cup_mask_0.png,167,46.138541
1539_ticket_mask_0.png,181,71.384435
1540_Parrot_mask_0.png,255,95.322278
1540_child_mask_0.png,255,135.887767
1540_man_mask_0.png,199,59.985822
1541_chair_mask_0.png,128,55.306479
1541_chair_mask_1.png,255,61.479247
1541_cup_mask_0.png,113,107.9973
1541_cup_mask_1.png,141,130.704225
1542_Child_mask_0.png,255,153.934156
1542_ball_mask_0.png,104,75.991704
1542_sailboat_mask_0.png,57,55.116773
1546_black_cap_mask_0.png,111,45.354418
1546_black_shirt_mask_0.png,117,34.38418
1546_gloves_mask_0.png,101,72.755059
1546_gloves_mask_1.png,128,101.810201
1546_microphone_mask_0.png,198,141.742624
1546_video_camera_mask_merged.png,140,67.860748
1547_man_in_black_shirt_mask_0.png,171,85.296558
1547_man_mask_1.png,227,142.972737
1547_microphone_mask_2.png,208,188.72417
1547_microphone_mask_merged_1.png,167,90.499636
1547_name_card_mask_0.png,197,160.783417
1547_podium_mask_0.png,254,84.602653
1548_Radio_mask_0.png,255,136.776958
1548_cup_mask_0.png,153,67.529556
1548_saucer_mask_0.png,134,59.66208
1552_Man_in_camouflage_mask_0.png,190,79.798511
1552_camouflage_mask_merged.png,186,65.44959
1552_dog_in_vest_mask_0.png,255,91.123707
1555_Man_in_purple_mask_2.png,255,58.995559
1555_Man_in_purple_mask_merged_1.png,205,128.067565
1555_poster_mask_0.png,205,116.757938
1565_bench_mask_0.png,180,32.653553
1565_book_mask_merged.png,167,127.984559
1565_boy_mask_0.png,255,56.809436
1565_red_cap_mask_0.png,71,29.986233
1568_man_mask_0.png,126,52.46496
1568_plane_mask_0.png,37,21.510367
1568_railing_mask_0.png,83,23.832942
1568_sign_mask_0.png,19,10.301199
1568_sign_mask_1.png,255,143.977598
1572_Girl_in_white_mask_merged.png,255,134.039559
1572_girl_in_floral_mask_0.png,255,189.243614
1572_squirrel_mask_0.png,159,132.906297
1572_squirrel_mask_merged_2.png,231,151.086799
1578_Sign_mask_merged.png,240,109.698821
1578_two_children_mask_0.png,254,194.167021
1578_yellow_buoy_mask_0.png,17,11.514815
1582_car_mask_0.png,196,155.725643
1582_emu_mask_0.png,255,165.611819
1582_motorcycle_mask_0.png,251,192.170013
1582_road_sign_mask_merged.png,141,80.869701
1583_cat_mask_0.png,246,171.576814
1583_couch_mask_0.png,180,50.66562
1583_dog_mask_0.png,172,56.635671
1583_picture_frame_mask_0.png,57,13.803591
1583_red_blanket_mask_0.png,62,18.235127
1583_woman_mask_0.png,255,136.700411
1584_dog_mask_0.png,244,202.655589
1584_girl_mask_0.png,255,188.848111
1584_leash_mask_0.png,171,114.609422
1592_backpack_mask_0.png,223,191.677149
1592_boat_mask_0.png,113,82.798824
1592_boat_mask_1.png,64,59.408854
1592_hat_mask_0.png,167,144.484487
1592_man_mask_0.png,229,144.881033
1592_woman_mask_0.png,255,200.950997
1598_ball_mask_0.png,122,107.721566
1598_net_mask_0.png,113,37.061401
1598_pink_duck_mask_0.png,109,61.959443
1598_rubber_duck_mask_1.png,83,66.067929
1598_rubber_duck_mask_merged_1.png,122,67.560734
1598_yellow_duck_mask_0.png,255,190.622555
1599_bottle_mask_0.png,197,120.269652
1599_cat_mask_0.png,254,172.370255
1599_fork_mask_0.png,162,106.087445
1599_knife_mask_0.png,187,159.394036
1599_plate_mask_0.png,255,139.406984
1601_Radio_mask_0.png,74,58.05966
1601_clock_mask_0.png,101,77.720301
1601_magazines_mask_merged.png,255,95.406067
1601_tissue_box_mask_0.png,137,58.810117
1602_Microphone_mask_0.png,255,185.677632
1602_book_mask_0.png,216,78.81022
1602_man_mask_0.png,157,65.102328
1605_Man_in_blue_and_white_mask_0.png,255,192.003807
1605_bag_mask_merged.png,242,197.351259
1605_bird_mask_0.png,135,100.177441
1605_fishing_rod_mask_0.png,155,47.008999
1606_Man_in_red_mask_0.png,153,139.165022
1606_flowers_mask_0.png,153,89.138904
1606_table_mask_merged.png,157,128.752585
1606_woman_in_white_mask_0.png,255,154.800295
1607_apple_mask_0.png,203,65.026709
1607_banknote_mask_0.png,238,113.276296
1607_coins_mask_merged.png,254,147.135448
1609_Boy_mask_0.png,255,117.320953
1609_dog_mask_0.png,228,91.731449
1609_leash_mask_0.png,243,129.244513
1610_book_mask_0.png,249,168.696506
1610_glass_mask_0.png,156,113.231084
1610_phone_mask_0.png,255,230.76268
1610_straw_mask_0.png,73,51.238854
1610_woman_mask_0.png,254,98.20339
1613_Dog_in_red_mask_0.png,182,81.386463
1613_Dog_in_red_mask_1.png,255,151.260673
1613_person_in_red_hat_mask_0.png,220,92.68795
1622_Swan_mask_0.png,39,32.820274
1622_fence_mask_0.png,177,64.835097
1622_ship_mask_0.png,255,153.205381
1629_Man_in_gray_mask_0.png,253,90.071849
1629_blue_cap_mask_0.png,210,146.593023
1629_fish_mask_merged.png,191,127.567466
1629_fishing_lure_mask_0.png,129,93.496862
1629_sunglasses_mask_0.png,215,171.348588
1630_Man_in_purple_mask_0.png,95,40.803978
1630_Man_in_purple_mask_1.png,217,186.674875
1630_pole_mask_0.png,254,160.526875
1630_shelter_mask_0.png,234,164.339474
1632_Blue_flag_mask_0.png,156,115.109474
1632_person_in_white_dress_mask_merged.png,255,52.56518
1632_person_in_white_hat_mask_0.png,255,70.707633
1641_helicopter_mask_0.png,61,35.077796
1641_orange_vest_person_mask_0.png,255,114.383083
1641_orange_vest_person_mask_1.png,92,58.187998
1641_orange_vest_person_mask_2.png,49,19.36818
1641_orange_vest_person_mask_3.png,103,52.87782
1641_orange_vest_person_mask_4.png,118,72.00782
1642_cup_mask_0.png,95,20.356585
1642_phone_mask_merged.png,238,80.797231
1642_stylus_mask_0.png,161,112.538462
1642_tablet_mask_0.png,235,61.592285
1644_paper_mask_0.png,112,71.629009
1644_phone_mask_0.png,100,68.741998
1644_scissors_mask_0.png,255,155.419556
1644_sugar_packet_mask_0.png,31,16.897418
1644_sweet_potato_mask_0.png,89,32.492149
1645_Flashlight_mask_0.png,230,103.331561
1645_Flashlight_mask_1.png,206,122.95962
1645_eye_drops_mask_0.png,104,82.107082
1645_tweezers_mask_0.png,20,12.47276
1651_blue_device_mask_0.png,255,182.624197
1651_nail_file_mask_0.png,111,76.091889
1651_notebook_mask_0.png,150,88.825818
1651_phone_mask_merged.png,215,139.508647
1657_boy_in_green_mask_0.png,248,85.605653
1657_cards_mask_11.png,139,92.372155
1657_cards_mask_merged_1.png,21,11.920762
1657_cards_mask_merged_2.png,252,104.69286
1657_girl_in_blue_mask_0.png,236,71.401363
1658_Keyboard_mask_0.png,255,174.272983
1658_cup_mask_merged.png,122,63.313666
1658_paper_mask_8.png,174,155.424849
1658_paper_mask_merged_1.png,201,133.12138
1658_telephone_mask_merged.png,255,121.268122
1659_Plate_mask_0.png,205,57.48017
1659_chips_mask_merged.png,72,29.062112
1659_glass_mask_0.png,255,102.983157
1659_toothbrush_mask_0.png,113,46.900128
1659_toothpick_mask_merged.png,129,40.631783
1660_Fork_mask_0.png,229,83.657059
1660_donut_mask_0.png,115,68.025503
1660_knife_mask_0.png,90,42.202418
1660_scale_mask_0.png,255,87.475757
1662_Santa_figurine_mask_0.png,212,148.188481
1662_duck_figurine_mask_0.png,255,115.297943
1662_surfboard_mask_0.png,156,115.54956
1664_Beer_can_mask_0.png,151,82.596966
1664_cutting_board_mask_0.png,47,27.939854
1664_pan_mask_0.png,255,120.146502
1664_pan_mask_1.png,43,15.126717
1665_Glass_mask_0.png,254,130.057971
1665_coaster_mask_0.png,255,98.690773
1665_phone_mask_0.png,250,130.86961
1666_Dolphin_mask_0.png,109,29.717965
1666_beach_ball_mask_0.png,189,123.358473
1666_red_life_jacket_mask_merged.png,255,171.236749
1666_woman_mask_0.png,253,126.563296
1667_banana_mask_0.png,255,130.765843
1667_coffee_cup_mask_0.png,123,28.127348
1667_earphones_mask_0.png,196,59.811396
1667_keys_mask_merged.png,35,9.109281
1667_orange_juice_box_mask_0.png,45,11.927055
1669_bowls_mask_merged.png,185,100.286162
1669_bust_mask_0.png,171,129.47424
1669_camera_mask_0.png,255,105.208753
1669_camera_mask_1.png,157,108.122484
1670_Flowers_mask_0.png,118,70.637423
1670_Flowers_mask_merged_2.png,211,81.957242
1670_brass_dish_mask_0.png,211,49.375435
1670_candle_mask_merged.png,255,170.696692
1670_magazine_mask_0.png,160,52.517598
1673_cabinet_mask_0.png,246,51.385324
1673_chair_mask_0.png,37,9.334583
1673_fan_mask_0.png,89,46.221511
1673_folders_mask_0.png,253,84.18944
1673_lamp_mask_0.png,199,100.702237
1673_poster_mask_0.png,255,62.033792
1674_Cup_mask_0.png,144,61.115383
1674_bowl_mask_0.png,203,130.016512
1674_framed_photos_mask_merged.png,184,31.293578
1674_spoon_mask_0.png,208,167.937483
1674_teapot_mask_0.png,255,71.355091
1675_black_figurine_mask_0.png,134,92.746087
1675_black_figurine_mask_1.png,64,38.265222
1675_lion_figurine_mask_1.png,146,77.846397
1676_bicycles_mask_merged.png,127,34.837351
1676_chair_mask_0.png,56,26.856946
1676_instrument_mask_0.png,171,139.255022
1676_man_mask_0.png,2,0.817027
1676_man_mask_1.png,170,86.910686
1676_woman_mask_0.png,255,119.62553
1681_Child_mask_0.png,255,127.512203
1681_ball_mask_0.png,35,19.596524
1681_sand_bucket_mask_0.png,14,9.839969
1681_toy_truck_mask_0.png,88,45.881693
1684_Man_holding_poster_mask_0.png,183,53.568593
1684_man_mask_0.png,183,47.096823
1684_paper_mask_0.png,196,76.623547
1684_paper_mask_1.png,178,114.889882
1684_woman_mask_0.png,255,78.516334
1685_Woman_mask_0.png,181,106.81619
1685_bag_mask_0.png,156,80.161317
1685_boy_mask_0.png,212,172.508961
1685_green_balloon_mask_0.png,255,187.73896
1686_Woman_in_blue_mask_0.png,144,88.939734
1686_woman_in_floral_mask_0.png,142,101.677889
1686_woman_mask_merged.png,144,94.291853
1686_yellow_sign_mask_0.png,255,221.245833
1689_dog_mask_0.png,192,120.800371
1689_dog_mask_1.png,118,51.191123
1689_shoes_mask_0.png,172,162.9968
1689_woman_mask_0.png,255,147.223424
1693_blanket_mask_0.png,158,84.765312
1693_bowl_mask_0.png,170,139.02636
1693_pillow_mask_0.png,222,97.910134
1693_pug_mask_0.png,171,107.4111
1693_woman_mask_0.png,255,106.301315
1695_Photograph_mask_0.png,122,68.5748
1695_bowl_with_soup_mask_0.png,255,134.188517
1695_bread_mask_0.png,196,121.987449
1695_card_mask_merged.png,122,78.493862
1695_plate_with_bread_mask_0.png,209,120.771547
1695_soup_mask_0.png,247,129.395174
1696_Woman_mask_2.png,254,216.168397
1696_child_mask_1.png,178,106.749798
1696_child_mask_merged_1.png,138,80.980482
1696_sign_mask_0.png,150,108.426189
1696_woman_mask_1.png,165,96.576132
1698_lamp_mask_0.png,202,44.66361
1698_person_mask_0.png,255,90.267511
1698_red_couch_mask_0.png,152,56.238586
